{"cameraMode":{"drawMode":0,"name":"Shaded","section":"Shading Mode"},"sceneLighting":false,"audioPlay":false,"sceneViewState":{"m_AlwaysRefresh":true,"showFog":true,"showSkybox":false,"showFlares":true,"showImageEffects":false,"showParticleSystems":true,"showVisualEffectGraphs":true,"m_FxEnabled":true},"in2DMode":false,"pivot":{"x":4.2174224853515629,"y":5.427218437194824,"z":-2.170790672302246},"rotation":{"x":0.0977003425359726,"y":0.39178940653800967,"z":-0.041880734264850619,"w":0.9138991236686707},"size":20.529571533203126,"orthographic":false}