{"cameraMode":{"drawMode":0,"name":"Shaded","section":"Shading Mode"},"sceneLighting":false,"audioPlay":false,"sceneViewState":{"m_AlwaysRefresh":true,"showFog":true,"showSkybox":false,"showFlares":true,"showImageEffects":false,"showParticleSystems":true,"showVisualEffectGraphs":true,"m_FxEnabled":true},"in2DMode":false,"pivot":{"x":78.6322021484375,"y":53.37038040161133,"z":57.13767623901367},"rotation":{"x":0.0008807695121504366,"y":-0.9984387159347534,"z":0.016475657001137735,"w":0.053365424275398257},"size":2.8763341903686525,"orthographic":false}