{"cameraMode":{"drawMode":0,"name":"Shaded","section":"Shading Mode"},"sceneLighting":false,"audioPlay":false,"sceneViewState":{"m_AlwaysRefresh":false,"showFog":true,"showSkybox":false,"showFlares":true,"showImageEffects":true,"showParticleSystems":true,"showVisualEffectGraphs":true,"m_FxEnabled":true},"in2DMode":false,"pivot":{"x":-0.43648001551628115,"y":0.5555199980735779,"z":-0.4761600196361542},"rotation":{"x":0.3731186091899872,"y":-0.18730638921260835,"z":0.07718981802463532,"w":0.9053961038589478},"size":0.8519657254219055,"orthographic":false}