{"cameraMode":{"drawMode":0,"name":"Shaded","section":"Shading Mode"},"sceneLighting":false,"audioPlay":false,"sceneViewState":{"m_AlwaysRefresh":false,"showFog":false,"showSkybox":false,"showFlares":false,"showImageEffects":false,"showParticleSystems":false,"showVisualEffectGraphs":true,"m_FxEnabled":true},"in2DMode":false,"pivot":{"x":-0.10207691788673401,"y":0.9939535856246948,"z":0.09599554538726807},"rotation":{"x":0.10348378121852875,"y":0.8934758305549622,"z":-0.2675980031490326,"w":0.3455190360546112},"size":1.7625211477279664,"orthographic":false}